{"count":1,"self":257.63883519999996,"total":258.8076961,"children":{"InitializeActuators":{"count":1,"self":0.0040005,"total":0.0040005,"children":null},"InitializeSensors":{"count":1,"self":0.0060008,"total":0.0060008,"children":null},"AgentSendState":{"count":12471,"self":0.58496379999999992,"total":0.72398129999999994,"children":{"CollectObservations":{"count":6010,"self":0.056021999999999995,"total":0.056021999999999995,"children":null},"WriteActionMask":{"count":6010,"self":0.008087,"total":0.008087,"children":null},"RequestDecision":{"count":6010,"self":0.0475489,"total":0.0749085,"children":{"RayPerceptionSensor.Perceive":{"count":12020,"self":0.027359599999999998,"total":0.027359599999999998,"children":null}}}}},"DecideAction":{"count":12471,"self":0.14145549999999998,"total":0.14145549999999998,"children":null},"AgentAct":{"count":12471,"self":0.28991819999999996,"total":0.28991819999999996,"children":null},"RayPerceptionSensor.Perceive":{"count":8,"self":0.0015183999999999998,"total":0.0015183999999999998,"children":null}},"gauges":{"SelfDrivingCar.CumulativeReward":{"count":4,"max":-366.1736,"min":-2507.83643,"runningAverage":-1932.54419,"value":-2507.83643,"weightedAverage":-1576.49524}},"metadata":{"timer_format_version":"0.1.0","start_time_seconds":"1700652167","unity_version":"2021.3.7f1","command_line_arguments":"C:\\Program Files\\Unity\\Hub\\Editor\\2021.3.7f1\\Editor\\Unity.exe -projectpath C:\\Users\\Lenovo\\Unity Projects\\Self-Driving-Car -useHub -hubIPC -cloudEnvironment production -licensingIpc LicenseClient-Lenovo -hubSessionId bd9abf8d-ea22-4202-ac41-9097c11869fa -accessToken 2oXQsyX0BuLICSAfgOYdKPUkPruySZpyMhCUai4Lj_o00cf","communication_protocol_version":"1.5.0","com.unity.ml-agents_version":"2.0.1","scene_name":"Check","end_time_seconds":"1700652426"}}