{"count":1,"self":336.0082944,"total":2123.7658034,"children":{"InitializeActuators":{"count":10,"self":0.0040346,"total":0.0040346,"children":null},"InitializeSensors":{"count":10,"self":0.0061362,"total":0.0061362,"children":null},"AgentSendState":{"count":77151,"self":163.78719999999998,"total":226.5822646,"children":{"CollectObservations":{"count":771510,"self":4.6036627999999995,"total":4.6036627999999995,"children":null},"WriteActionMask":{"count":771510,"self":0.69001059999999992,"total":0.69001059999999992,"children":null},"RequestDecision":{"count":771510,"self":6.0548204,"total":57.5013856,"children":{"AgentInfo.ToProto":{"count":771510,"self":4.930136,"total":51.4465651,"children":{"GenerateSensorData":{"count":771510,"self":35.6150464,"total":46.5164289,"children":{"RayPerceptionSensor.Perceive":{"count":1543020,"self":10.901381599999999,"total":10.901381599999999,"children":null}}}}}}}}},"DecideAction":{"count":77151,"self":1547.674624,"total":1547.6746022999998,"children":null},"AgentAct":{"count":77151,"self":12.752324,"total":12.7523241,"children":null},"AgentInfo.ToProto":{"count":7551,"self":0.0876496,"total":0.7346226,"children":{"GenerateSensorData":{"count":7551,"self":0.50587759999999993,"total":0.646973,"children":{"RayPerceptionSensor.Perceive":{"count":15102,"self":0.14109539999999998,"total":0.14109539999999998,"children":null}}}}}},"gauges":{"SelfDrivingCar.CumulativeReward":{"count":7551,"max":60.26468,"min":-264.6917,"runningAverage":-191.624023,"value":-178.919968,"weightedAverage":-180.315033}},"metadata":{"timer_format_version":"0.1.0","start_time_seconds":"1700710104","unity_version":"2021.3.7f1","command_line_arguments":"C:\\Program Files\\Unity\\Hub\\Editor\\2021.3.7f1\\Editor\\Unity.exe -projectpath C:\\Users\\Lenovo\\Unity Projects\\Self-Driving-Car -useHub -hubIPC -cloudEnvironment production -licensingIpc LicenseClient-Lenovo -hubSessionId bd9abf8d-ea22-4202-ac41-9097c11869fa -accessToken 1OORWEHNOB1Zv1eQqNMzNEnKuzN1YWoQULGHnWMKCsw00cf","communication_protocol_version":"1.5.0","com.unity.ml-agents_version":"2.0.1","scene_name":"Training","end_time_seconds":"1700712228"}}